<?xml version="1.0" encoding="UTF-8"?>
<!--
Name: Glory H1
Slug: color_default
Description: Glory H1 Colour Scheme.
-->
<items_setting>
	<general>
		<text>General</text>
		<items>
			<background_item>
				<name>Background Color</name>
				<slug>bg_color</slug>
				<std>#fff</std>
				<frontend>
					<f1>
						<attribute>background-color</attribute>
						<selector>#template-wrapper, #main-content, #wd-container</selector>
					</f1>
				</frontend>
			</background_item>
			<item>
				<name>Text Color</name>
				<slug>text_color</slug>
				<std>#666666</std>
				<frontend>
					<f1>
						<attribute>color</attribute>
						<selector>  body,li a ,
									#lang_sel ul ul a, #lang_sel ul ul a:visited,
									
									#header   .drop_down_container,
									#header .wd_tini_cart_wrapper .cart_item_wrapper a.wd_cart_title ,
									#header .header-top-custom-sidebar .drop_down_container li  a,
									.bbp-pagination-links a,.bbp-pagination-links span,
									
									.tabbable .nav-tabs &gt; li.active &gt; a, .tabbable .nav-tabs &gt; li.active &gt; a:hover, .tabbable .nav-tabs &gt; li.active &gt; a:focus,
									
									.wp-pagenavi a, .wp-pagenavi span, .woocommerce nav.woocommerce-pagination ul li a, .woocommerce-page nav.woocommerce-pagination ul li a, .woocommerce #content nav.woocommerce-pagination ul li a, .woocommerce-page #content nav.woocommerce-pagination ul li a, .woocommerce nav.woocommerce-pagination ul li span, .woocommerce-page nav.woocommerce-pagination ul li span, .woocommerce #content nav.woocommerce-pagination ul li span, .woocommerce-page #content nav.woocommerce-pagination ul li span,
									.wpb_content_element .wpb_tabs_nav li &gt; a,
									#header #currency_sel ul ul a
						</selector>
					</f1>
					<f2>
						<attribute>border-color</attribute>
						<selector>body</selector>
					</f2>
				</frontend>
			</item>		
			<item>
				<name>Link Color</name>
				<slug>link_color</slug>
				<std>#3c3b48</std>
				<frontend>
					<f1>
						<attribute>color</attribute>
						<selector>a, html .wd_meet_team .info h3 a:hover, a.text_color:hover,
							.woocommerce ul.cart_list li a, .woocommerce ul.product_list_widget li a, .woocommerce-page ul.cart_list li a, .woocommerce-page ul.product_list_widget li a, ul.cart_list span.amount, .product_list_widget  span.amount
						</selector>
					</f1>
					
				</frontend>
			</item>	
			<item>
				<name>Link Color hover</name>
				<slug>link_color_hover</slug>
				<std>#ed764f</std>
				<frontend>
					<f1>
						<attribute>color</attribute>
						<selector>a:hover, a:focus, html .wd_meet_team .info h3 a, li a:hover, .text_color,
								#portfolio-galleries .portfolio-filter li.active a,
								.widget_woothemes_testimonials .testimonials-list .author span:first-child,
							
								.entry-meta,
								.post-info-meta div,
								#header .widget_social li a:hover,
								#header .header-top-custom-sidebar .drop_down_container li  a:hover,
								#header .wd_tini_cart_wrapper .cart_item_wrapper a.wd_cart_title:hover,
								#lang_sel a:hover, #lang_sel ul ul a:hover,
								
								.shopping-cart span.amount,ul.cart_list .quantity,
								
								.widget_calendar #today,
								.wd-projects .owl-stage li a:hover h3,
								
								.woocommerce #content .quantity .minus:hover, .woocommerce #content .quantity .plus:hover, .woocommerce .quantity .minus:hover, .woocommerce .quantity .plus:hover, .woocommerce-page #content .quantity .minus:hover, .woocommerce-page #content .quantity .plus:hover, .woocommerce-page .quantity .minus:hover, .woocommerce-page .quantity .plus:hover,
								
								table.variations .amount,
								.woocommerce #content div.product .summary p.price, .woocommerce div.product .summary p.price, .woocommerce-page #content div.product .summary p.price, .woocommerce-page div.product .summary p.price,
								
								.return-shipping  h3,
								.wp-pagenavi span.current, .wp-pagenavi a:hover, .woocommerce #content nav.woocommerce-pagination ul li a:focus, .woocommerce #content nav.woocommerce-pagination ul li a:hover, .woocommerce #content nav.woocommerce-pagination ul li span.current, .woocommerce nav.woocommerce-pagination ul li a:focus, .woocommerce nav.woocommerce-pagination ul li a:hover, .woocommerce nav.woocommerce-pagination ul li span.current, .woocommerce-page #content nav.woocommerce-pagination ul li a:focus, .woocommerce-page #content nav.woocommerce-pagination ul li a:hover, .woocommerce-page #content nav.woocommerce-pagination ul li span.current, .woocommerce-page nav.woocommerce-pagination ul li a:focus, .woocommerce-page nav.woocommerce-pagination ul li a:hover, .woocommerce-page nav.woocommerce-pagination ul li span.current,
								
								.woocommerce ul.cart_list li a:hover, .woocommerce ul.product_list_widget li a:hover, .woocommerce-page ul.cart_list li a:hover, .woocommerce-page ul.product_list_widget li a:hover,
								
								.widget_customrecent .detail a:hover,
								#bbpress-forums p.bbp-topic-meta a.bbp-author-name,									
								
								.widget_categories li:hover &gt; a, .widget_categories li.current-cat &gt; a, .widget_projects_categories li:hover &gt; a, .widget_projects_categories li:hover &gt; span, .widget_product_categories ul li.current-cat &gt; span, .widget_product_categories ul li:hover &gt; span, .widget_product_categories ul li:hover &gt; a, .widget_product_categories ul li.current-cat &gt; a,
								
								.wd-right-control-panel button,
								
								.ls-v5 .ls-nav-next:hover:before, .ls-v5 .ls-nav-prev:hover:before,
								.wd_shortcode_feature .style-2:hover .feature_icon a span:before,
								
								#crumbs a:hover, .bbp-breadcrumb a:hover, .woocommerce-breadcrumb a:hover, .woocommerce-breadcrumb a:hover, .woocommerce .woocommerce-breadcrumb a:hover, .woocommerce-page .woocommerce-breadcrumb a:hover,
								
								.bbp-pagination-links span.current, #bbpress-forums #bbp-single-user-details #bbp-user-details p.bbp-user-forum-role,
								
								.phone-header .toggle-menu-control-open:hover,
								.wd-right-control-panel &gt; div ul li a:hover, .wd-right-control-panel #searchsubmit i, .wd-right-control-panel ul.cart_list li a:hover, .wd-right-control-panel ul.product_list_widget li a:hover, .woocommerce .wd-right-control-panel ul.cart_list li a:hover, .woocommerce .wd-right-control-panel ul.product_list_widget li a:hover, .woocommerce-page .wd-right-control-panel ul.cart_list li a:hover, .woocommerce-page .wd-right-control-panel ul.product_list_widget li a:hover,
								.contact_desc i.fa,
								.item-portfolio .thumb-image-hover .link-gallery:hover, .item-portfolio .thumb-image-hover .thumb-image:hover, .item-portfolio .thumb-image-hover .thumb-video:hover,
								.wishlist_table tr td.product-stock-status span.wishlist-in-stock, .wishlist_table tr td.product-stock-status span.wishlist-out-of-stock,
								a.remove:hover:before,
								ol.comment-list h3.comment-author, ol.comment-list .reply a:after,
								.wd-right-control-panel  ul.cart_list span.amount, .wd-right-control-panel  .product_list_widget  span.amount,
								html table.compare-list .stock td span,
								.woocommerce .cart-collaterals .cart_totals .total span.amount, .woocommerce-page .cart-collaterals .cart_totals .total span.amount,
								#header #currency_sel ul ul a:hover,
								#header.header_v6 .wd_tini_wishlist_wrapper:hover &gt; a,
								#header.header_v6 .wd_tini_account_wrapper:hover .wd_tini_account_control &gt; a,
								#header.header_v6 #lang_sel:hover a.lang_sel_sel,
								#header.header_v6 #currency_sel:hover &gt; ul &gt; li &gt; a,
								.woocommerce #header.header_v6 .cart-collaterals .cart_totals .total span.amount, 
								.woocommerce-page #header.header_v6 .cart-collaterals .cart_totals .total span.amount
						</selector>
					</f1>
					<f2>
						<attribute>background-color</attribute>
						<selector>  .line, 
						
									html #options ul li#grid:hover, html #options ul li#grid.active, html #options ul li#list:hover, html #options ul li#list.active,
									
									#header .header-top-right-area &gt; div:hover,
									
									.shopping-cart .dropdown_footer,
									.form_wrapper_footer,
									mark,
									.tabbable .nav-tabs &gt; li &gt; a:before,
									html .accordion-heading .accordion-toggle,
									.owl-controls .owl-dots &gt; div:hover &gt; span, .owl-controls .owl-dots &gt; div.active &gt; span,
									html .wpb_content_element .wpb_tabs_nav li:before,
									html .wpb_accordion .wpb_accordion_wrapper .wpb_accordion_header.ui-state-active, html .wpb_accordion .wpb_accordion_wrapper .wpb_accordion_header:hover,
									
									.counting li:before,
									
									.wd_myaccount_menu .title,
									.owl-controls .owl-nav div:hover ,
									.wd_shortcode_feature .style-2 .feature_icon a:before,
									
									#bbpress-forums li.bbp-header,
									ul.cart_list  .remove,
									
									.sticky-post								
									
						</selector>
					</f2>
					<f3>
						<attribute>border-color</attribute>
						<selector>  blockquote, .price_table_inner.acitve_price, .price_table_inner.acitve_price:hover,
									.item-portfolio .thumb-image-hover .link-gallery:hover, .item-portfolio .thumb-image-hover .thumb-image:hover, .item-portfolio .thumb-image-hover .thumb-video:hover,
									h4.wpb_accordion_heading:after,
									.author-inner
						</selector>
					</f3>
				</frontend>
			</item>
			<item>
				<name>Heading Color</name>
				<slug>heading_color</slug>
				<std>#303030</std>
				<frontend>
					<f1>
						<attribute>color</attribute>
						<selector>h1, h2, h3, h4, h5, h6, .h1, .h2, .h3, .h4, .h5, .h6</selector>
					</f1>
				</frontend>
			</item>
			
			<item>
				<name>Border Color</name>
				<slug>border_color</slug>
				<std>#ebebeb</std>
				<frontend>
					<f1>
						<attribute>border-color</attribute>
						<selector>
									.woocommerce ul.cart_list li, .woocommerce ul.product_list_widget li, .woocommerce-page ul.cart_list li, .woocommerce-page ul.product_list_widget li,
									
									#header.header_v3 .header-bottom,										
									input, select, textarea,
									
									.list-posts .post, .list-posts .item-content, .list-posts &gt; li,
									
									.shopping-cart ul.cart_list li,
									.woocommerce form .form-row[class*="form-row-"], .woocommerce-page form .form-row[class*="form-row-"]
						</selector>
					</f1>
				</frontend>
			</item>
		</items>
	</general>	
	<header>
		<text>Page Header</text>
		<items>
			<background_item>
				<name>Background header Color</name>
				<slug>h_bg_color</slug>
				<std>#fff</std>
				<frontend>
					<f1>
						<attribute>background-color</attribute>
						<selector>#header, #header.header_v3, .is-sticky  #header.header_v2,
								#header.header_v6 .header-bottom-content,
								#header.header_v6 .header-middle-right .cart_size a #cart_size_value_head
						 </selector>
					</f1>
				</frontend>
			</background_item>
			<item>
				<name>Background top header Color</name>
				<slug>h_top_bg_color</slug>
				<std>#3c3b48</std>
				<frontend>
					<f1>
						<attribute>background-color</attribute>
						<selector>#header .header-top,#header.header_v6
						</selector>
					</f1>
				</frontend>
			</item>			
			<item>
				<name>Text Color</name>
				<slug>h_text</slug>
				<std>#f8f8f8</std>
				<frontend>
					<f1>
						<attribute>color</attribute>
						<selector>.wd_tini_wishlist_wrapper &gt; a,
								.wd_tini_account_control &gt; a,								
								.wd_tini_wishlist_wrapper &gt; a:hover,
								.wd_tini_account_control &gt; a:hover,
								#lang_sel a.lang_sel_sel, #lang_sel a.lang_sel_sel:hover,
								#header .widget_social li a,
								#header #currency_sel a,
								ul.cart_list .remove:before
						</selector>
					</f1>
				</frontend>
			</item>	
			
			<item>
				<name>Text Color Cart</name>
				<slug>h_text_cart</slug>
				<std>#f8f8f8</std>
				<frontend>
					<f1>
						<attribute>color</attribute>
						<selector>#header .shopping-cart .wd_tini_cart_control, #header .header-top  div.cart_size &gt; a ,#header .header-top  div.cart_size &gt; a:hover , #header .shopping-cart .wd_tini_cart_control span.amount,#header.header_v6 .header-middle-right .cart_size a #cart_size_value_head
						</selector>
					</f1>
				</frontend>
			</item>	
			
		</items>
	</header>
	<footer>
		<text>Page Footer</text>
		<items>
			<background_item>
				<name>Background Footer Color</name>
				<slug>f_bg_color</slug>
				<std>#f8f8f8</std>
				<frontend>
					<f1>
						<attribute>background-color</attribute>
						<selector>#footer</selector>
					</f1>
				</frontend>
			</background_item>
			
			
			<item>
				<name>Background First Footer Color</name>
				<slug>f_bg_color_1</slug>
				<std>#f8f8f8</std>
				<frontend>
					<f1>
						<attribute>background-color</attribute>
						<selector>#footer .first-footer-widget-area</selector>
					</f1>
				</frontend>
			</item>
			<item>
				<name>Background Second Footer Color</name>
				<slug>f_bg_color_2</slug>
				<std>#f8f8f8</std>
				<frontend>
					<f1>
						<attribute>background-color</attribute>
						<selector>#footer .second-footer-widget-area</selector>
					</f1>
				</frontend>
			</item>
			<item>
				<name>Background Third Footer Color</name>
				<slug>f_bg_color_3</slug>
				<std>#3c3b48</std>
				<frontend>
					<f1>
						<attribute>background-color</attribute>
						<selector>#footer .third-footer-widget-area</selector>
					</f1>
				</frontend>
			</item>
			<item>
				<name>Background Fourth Footer Color</name>
				<slug>f_bg_color_4</slug>
				<std>#2d2c33</std>
				<frontend>
					<f1>
						<attribute>background-color</attribute>
						<selector>#footer .fourth-footer-area</selector>
					</f1>
				</frontend>
			</item>
			<item>
				<name>Border Fourth Footer Color</name>
				<slug>f_border_color_4</slug>
				<std>#2d2c33</std>
				<frontend>
					<f1>
						<attribute>border-color</attribute>
						<selector>.copy-right:before</selector>
					</f1>
				</frontend>
			</item>
			
			<item>
				<name>Heading Title</name>
				<slug>f_heading_color</slug>
				<std>#f8f8f8</std>
				<frontend>
					<f1>
						<attribute>color</attribute>
						<selector>#footer h3,
								.widget_social .social-icons li a,
								#footer .third-footer-widget-area .widget-title, #footer .third-footer-widget-area h4.widget_desc
						</selector>
					</f1>
				</frontend>
			</item>	
			<item>
				<name>Text Color</name>
				<slug>f_text</slug>
				<std>#c5c5c5</std>
				<frontend>
					<f1>
						<attribute>color</attribute>
						<selector>#footer, .copy-right .menu li a</selector>
					</f1>					
				</frontend>
			</item>	
		   <item>
				<name>Text Color Hover</name>
				<slug>f_text_hover</slug>
				<std>#ed764f</std>
				<frontend>
					<f1>
						<attribute>color</attribute>
						<selector>.copy-right .menu li a:hover,
								.widget_social .social-icons li a:hover,
								
								.textwidget i.fa,
								.widget_twitterupdate ul li.status-item .tweet-content a,
								#footer .widget_twitterupdate ul li .tw_content a .tw-name
						</selector>
					</f1>
					<f2>
						<attribute>border-color</attribute>
						<selector>.widget_social .social-icons li a:hover
						</selector>
					</f2>
					<f3>
						<attribute>background-color</attribute>
						<selector>.widget_twitterupdate ul li .avatar
						</selector>
					</f3>
					
				</frontend>
			</item>	
			
			
			<item>
				<name>Border Newsletter</name>
				<slug>n_border</slug>
				<std>#2d2c33</std>
				<frontend>
					<f1>
						<attribute>border-color</attribute>
						<selector>.subscribe_widget form
						</selector>
					</f1>					
				</frontend>
			</item>			
			<item>
				<name>Background Newsletter</name>
				<slug>n_bg</slug>
				<std>#2d2c33</std>
				<frontend>
					<f1>
						<attribute>background-color</attribute>
						<selector>.subscribe_widget form
						</selector>
					</f1>					
				</frontend>
			</item>				
			<item>
				<name>Icon Button Newsletter</name>
				<slug>n_icon_button</slug>
				<std>#fff</std>
				<frontend>					
					<f2>
						<attribute>color</attribute>
						<selector>.subscribe_widget button.button,
								.subscribe_widget .btn,
								.woocommerce .subscribe_widget button.button,
								.woocommerce .subscribe_widget .btn,
								.woocommerce-page .subscribe_widget button.button,
								.woocommerce-page .subscribe_widget .btn
						</selector>
					</f2>					
				</frontend>
			</item>				
			<item>
				<name>Icon Button Newsletter Hover</name>
				<slug>n_icon_button_hover</slug>
				<std>#ed764f</std>
				<frontend>
					<f1>
						<attribute>color</attribute>
						<selector>.subscribe_widget button.button:hover:before,
								.subscribe_widget .btn:hover:before,
								.woocommerce .subscribe_widget button.button:hover:before,
								.woocommerce .subscribe_widget .btn:hover:before,
								.woocommerce-page .subscribe_widget button.button:hover:before,
								.woocommerce-page .subscribe_widget .btn:hover:before
						</selector>
					</f1>					
				</frontend>
			</item>
			
		</items>
	</footer>
	<menu>
		<text>Menu Color</text>
		<items>
			<background_item>
				<name>Background Menu Color</name>
				<slug>m_bg_color</slug>
				<std>#f8f8f8</std>
				<frontend>
					<f1>
						<attribute>background-color</attribute>
						<selector>#header.header_v3 .header-bottom, .is-sticky #header.header_v3 .wd-sticky .header-bottom  </selector>
					</f1>
				</frontend>
			</background_item>
			<item>
				<name>Dropdown background color</name>
				<slug>mdrop_bg_color</slug>
				<std>#fff</std>
				<frontend>
					<f1>
						<attribute>background-color</attribute>
						<selector>.nav &gt; .main-menu &gt; ul.menu &gt; li &gt; ul.sub-menu</selector>
					</f1>
					<f2>
						<attribute>color</attribute>
						<selector> #header.header_v2 .nav .main-menu &gt; ul &gt; li &gt; a,
								 #header.header_v2 .menu-drop-icon,  #header.header_v2  .wd-header-bottom-search-control i,
								 #header.header_v2 .nav &gt; .main-menu &gt; ul.menu &gt; li,
								 #header.header_v2 .wd-header-bottom-search-control  i</selector>
					</f2>
				</frontend>
			</item>
			<item>
				<name>Text Color</name>
				<slug>m_text</slug>
				<std>#666</std>
				<frontend>
					<f1>
						<attribute>color</attribute>
						<selector>#header .nav,.nav .main-menu &gt; ul &gt; li &gt; a, .nav .main-menu &gt; ul &gt; li.parent:after,
									.menu-drop-icon,
									#header .wd-header-bottom-search-control i,
																		
									#header.header_v2 .nav &gt; .main-menu &gt; ul.menu &gt; li ul.sub-menu,
									.sticky-wrapper.is-sticky  #header.header_v2  .nav .main-menu &gt; ul &gt; li &gt; a,
									.sticky-wrapper.is-sticky  #header.header_v2  .menu-drop-icon, 
									.sticky-wrapper.is-sticky  #header.header_v2 .wd-header-bottom-search-control i,
									.sticky-wrapper.is-sticky  #header.header_v2  .nav &gt; .main-menu &gt; ul.menu &gt; li
						</selector>
					</f1>
				</frontend>
			</item>	
		   <item>
				<name>Color Hover</name>
				<slug>m_text_hover</slug>
				<std>#ed764f</std>
				<frontend>
					<f1>
						<attribute>border-bottom-color</attribute>
						<selector>.nav &gt; .main-menu &gt; ul.menu &gt; li &gt; ul.sub-menu,#header .button_search,
									.header_v3 .nav .main-menu &gt; ul &gt; li &gt; a:before,
									.nav &gt; .main-menu &gt; ul.menu &gt; li.wd-fly-menu &gt; ul.sub-menu ul.sub-menu
						</selector>
					</f1>
					<f2>
						<attribute>color</attribute>
						<selector>#header .wd-header-bottom-search-control:hover i
						</selector>
					</f2>
					<f3>
						<attribute>background-color</attribute>
						<selector>.header_v3 .nav .main-menu &gt; ul &gt; li &gt; a:before
						</selector>
					</f3>
					
				</frontend>
			</item>	
			<item>
				<name>Text Dropdown Color</name>
				<slug>mdrop_text</slug>
				<std>#666</std>
				<frontend>
					<f1>
						<attribute>color</attribute>
						<selector>.nav &gt; .main-menu &gt; ul.menu &gt; li li a, ul.sub-menu h3, ul.sub-menu h2, .nav &gt; .main-menu &gt; ul.menu &gt; li &gt; ul.sub-menu, .nav &gt; .main-menu &gt; ul.menu &gt; li.wd-fly-menu li span.menu-drop-icon:</selector>
					</f1>
				</frontend>
			</item>	
		   <item>
				<name>Text Color Hover</name>
				<slug>mdrop_text_hover</slug>
				<std>#ed764f</std>
				<frontend>
					<f1>
						<attribute>color</attribute>
						<selector>.nav &gt; .main-menu &gt; ul.menu &gt; li li:hover &gt; a, .nav &gt; .main-menu &gt; ul.menu &gt; li.wd-fly-menu li a:hover</selector>
					</f1>
				</frontend>
			</item>
		</items>
	</menu>
	<button>
		<text>Button Primary Color</text>
		<items>			
			<item>
				<name>Button Primary Text</name>
				<slug>button_primary_text</slug>
				<std>#3c3b48</std>
				<frontend>
					<f1>
						<attribute>color</attribute>
						<selector>						
						button.button, button, .buttons a, .btn, button.btn, .woocommerce #content input.button, .woocommerce #respond input#submit, .woocommerce a.button, .woocommerce button.button, .woocommerce input.button, .woocommerce-page #content input.button, .woocommerce-page #respond input#submit, .woocommerce-page a.button, .woocommerce-page button.button, .woocommerce-page input.button, .woocommerce #content input.button.alt, .woocommerce #respond input#submit.alt, .woocommerce a.button.alt, .woocommerce button.button.alt, .woocommerce input.button.alt, .woocommerce-page #content input.button.alt, .woocommerce-page #respond input#submit.alt, .woocommerce-page a.button.alt, .woocommerce-page button.button.alt, .woocommerce-page input.button.alt, input.button, a.button, .woocommerce input.button.checkout-button.alt:hover, .woocommerce a.button.checkout-button.alt:hover, input[type="submit"], a.button.button-style1:hover,
						
						.tp-caption a.button.style_1:hover, .owl-controls .owl-nav div,						
						
						.summary  .yith-wcwl-wishlistaddedbrowse a,
						.summary .yith-wcwl-wishlistexistsbrowse a, 
						.summary .yith-wcwl-wishlistaddedbrowse.show a, .summary .yith-wcwl-wishlistexistsbrowse.show a,
						.summary  .add_to_wishlist,	.summary .wd_compare
						</selector>
					</f1>
					<f2>
						<attribute>border-color</attribute>
						<selector>
						button.button, button, .buttons a, .btn, button.btn, .woocommerce #content input.button, .woocommerce #respond input#submit, .woocommerce a.button, .woocommerce button.button, .woocommerce input.button, .woocommerce-page #content input.button, .woocommerce-page #respond input#submit, .woocommerce-page a.button, .woocommerce-page button.button, .woocommerce-page input.button, .woocommerce #content input.button.alt, .woocommerce #respond input#submit.alt, .woocommerce a.button.alt, .woocommerce button.button.alt, .woocommerce input.button.alt, .woocommerce-page #content input.button.alt, .woocommerce-page #respond input#submit.alt, .woocommerce-page a.button.alt, .woocommerce-page button.button.alt, .woocommerce-page input.button.alt, input.button, a.button, .woocommerce input.button.checkout-button.alt:hover, .woocommerce a.button.checkout-button.alt:hover, input[type="submit"], a.button.button-style1:hover,
						
						.tp-caption a.button.style_1:hover, .owl-controls .owl-nav div</selector>
					</f2>
					<f3>
						<attribute>background-color</attribute>
						<selector>.ls-container a.button,.tp-caption  a.button, 
									.ls-container a.button.style_1:hover,.tp-caption  a.button.style_1:hover,
									
									.summary .yith-wcwl-wishlistaddedbrowse.show a, .summary .yith-wcwl-wishlistexistsbrowse.show a,
									.summary  .yith-wcwl-wishlistaddedbrowse a:hover,
									.summary .yith-wcwl-wishlistexistsbrowse a:hover, 
									.summary  .add_to_wishlist:hover,
									.summary .wd_compare:hover, .summary .wd_compare.added:hover
							</selector>
					</f3>
				</frontend>
			</item>	
			<item>
				<name>Button Primary Text Hover</name>
				<slug>button_primary_text_hover</slug>
				<std>#fff</std>
				<frontend>
					<f1>
						<attribute>color</attribute>
						<selector>.woocommerce #content input.button.alt:hover, .woocommerce #respond input#submit.alt:hover, .woocommerce a.button.alt:hover, .woocommerce button.button.alt:hover, .woocommerce input.button.alt:hover, .woocommerce-page #content input.button.alt:hover, .woocommerce-page #respond input#submit.alt:hover, .woocommerce-page a.button.alt:hover, .woocommerce-page button.button.alt:hover, .woocommerce-page input.button.alt:hover, .woocommerce #content input.button:hover, .woocommerce #respond input#submit:hover, .woocommerce a.button:hover, .woocommerce button.button:hover, .woocommerce input.button:hover, .woocommerce-page #content input.button:hover, .woocommerce-page #respond input#submit:hover, .woocommerce-page a.button:hover, .woocommerce-page button.button:hover, .woocommerce-page input.button:hover, .btn:hover, button.button:hover, input.button:hover, a.button:hover, input.button.checkout-button.alt, a.button.checkout-button.alt, input[type="submit"]:hover, a.button.button-style1,					
						
						.tp-caption a.button.style_1,
						
						.home ul.archive-product-subcategories .owl-controls .owl-nav div:hover,
						.owl-carousel.wd_shortcode_feature .owl-controls .owl-nav div:hover,
						
						html .woocommerce  .summary .single_add_to_cart_button:hover,
						html .woocommerce-page  .summary .single_add_to_cart_button:hover,
						
						.tagcloud a:hover,
						
						.ls-container a.button,
						.tp-caption  a.button,
						
						.summary .yith-wcwl-wishlistaddedbrowse.show a, .summary .yith-wcwl-wishlistexistsbrowse.show a,
						.summary  .yith-wcwl-wishlistaddedbrowse a:hover,
						.summary .yith-wcwl-wishlistexistsbrowse a:hover, 
						.summary  .add_to_wishlist:hover,
						.summary .wd_compare:hover,
						.summary .wd_compare.added:hover,
						.grid_product-catagory .archive-product-subcategories .product-category-info a:hover
						</selector>
					</f1>
					
				</frontend>
			</item>			
			<item>
				<name>Button Primary Background Hover</name>
				<slug>button_primary_bg_hover</slug>
				<std>#ed764f</std>
				<frontend>
					<f1>
						<attribute>background-color</attribute>
						<selector>.woocommerce #content input.button.alt:hover, .woocommerce #respond input#submit.alt:hover, .woocommerce a.button.alt:hover, .woocommerce button.button.alt:hover, .woocommerce input.button.alt:hover, .woocommerce-page #content input.button.alt:hover, .woocommerce-page #respond input#submit.alt:hover, .woocommerce-page a.button.alt:hover, .woocommerce-page button.button.alt:hover, .woocommerce-page input.button.alt:hover, .woocommerce #content input.button:hover, .woocommerce #respond input#submit:hover, .woocommerce a.button:hover, .woocommerce button.button:hover, .woocommerce input.button:hover, .woocommerce-page #content input.button:hover, .woocommerce-page #respond input#submit:hover, .woocommerce-page a.button:hover, .woocommerce-page button.button:hover, .woocommerce-page input.button:hover, .btn:hover, button.button:hover, input.button:hover, a.button:hover, input.button.checkout-button.alt, a.button.checkout-button.alt, input[type="submit"]:hover, a.button.button-style1,
						.tp-caption a.button.style_1,
						
						.home ul.archive-product-subcategories .owl-controls .owl-nav div:hover,
						.owl-carousel.wd_shortcode_feature .owl-controls .owl-nav div:hover,
						
						html .woocommerce  .summary .single_add_to_cart_button:hover,
						html .woocommerce-page  .summary .single_add_to_cart_button:hover,
						
						.tagcloud a:hover,
						
						.ls-container a.button:hover,
						.tp-caption  a.button:hover,
						.ls-container a.button.style_1,
						.tp-caption  a.button.style_1,
						.summary  .yith-wcwl-wishlistaddedbrowse a:hover,
						.summary .yith-wcwl-wishlistexistsbrowse a:hover, 
						.summary  .add_to_wishlist:hover,
						.summary .wd_compare:hover,
						.summary .wd_compare.added:hover
						</selector>
					</f1>
					<f2>
						<attribute>border-color</attribute>
						<selector>.woocommerce #content input.button.alt:hover, .woocommerce #respond input#submit.alt:hover, .woocommerce a.button.alt:hover, .woocommerce button.button.alt:hover, .woocommerce input.button.alt:hover, .woocommerce-page #content input.button.alt:hover, .woocommerce-page #respond input#submit.alt:hover, .woocommerce-page a.button.alt:hover, .woocommerce-page button.button.alt:hover, .woocommerce-page input.button.alt:hover, .woocommerce #content input.button:hover, .woocommerce #respond input#submit:hover, .woocommerce a.button:hover, .woocommerce button.button:hover, .woocommerce input.button:hover, .woocommerce-page #content input.button:hover, .woocommerce-page #respond input#submit:hover, .woocommerce-page a.button:hover, .woocommerce-page button.button:hover, .woocommerce-page input.button:hover, .btn:hover, button.button:hover, input.button:hover, a.button:hover, input.button.checkout-button.alt, a.button.checkout-button.alt, input[type="submit"]:hover, a.button.button-style1,
						.tp-caption a.button.style_1,
						
						.home ul.archive-product-subcategories .owl-controls .owl-nav div:hover,
						
						html .woocommerce  .summary .single_add_to_cart_button:hover,
						html .woocommerce-page  .summary .single_add_to_cart_button:hover,
						
						.tagcloud a:hover
						</selector>
					</f2>
					<f3>
						<attribute>color</attribute>
						<selector>						
							.sidebar-content .subscribe_widget button.button:hover,
							html .woocommerce .sidebar-content .subscribe_widget button.button:hover,
							html .woocommerce-page .sidebar-content .subscribe_widget button.button:hover
						</selector>
					</f3>
				</frontend>
			</item>
										
		</items>
	</button>
	<button2>
		<text>Button Orther Color ( cart - wishlist - compare )</text>
		<items>			
			<item>
				<name>Button Orther Text</name>
				<slug>button_orther_text</slug>
				<std>#dadada</std>
				<frontend>
					<f1>
						<attribute>color</attribute>
						<selector>
							
							.list_add_to_cart a.button, button.single_add_to_cart_button, a.single_add_to_cart_button,
							.yith-wcwl-wishlistexistsbrowse a, .yith-wcwl-wishlistaddedbrowse a, .add_to_wishlist,
							.wd_compare, html .wd_quickshop_handler
						</selector>
					</f1>					
				</frontend>
			</item>
			<item>
				<name>Button Orther Border</name>
				<slug>button_orther_border</slug>
				<std>#ececec</std>
				<frontend>
					<f1>
						<attribute>border-color</attribute>
						<selector>
							.list_add_to_cart a.button, button.single_add_to_cart_button, a.single_add_to_cart_button,
							.yith-wcwl-wishlistexistsbrowse a, .yith-wcwl-wishlistaddedbrowse a, .add_to_wishlist,
							.wd_compare, html .wd_quickshop_handler
						</selector>
					</f1>	
				</frontend>
			</item>
			<item>
				<name>Button Orther Background Hover</name>
				<slug>button_orther_bg_hover</slug>
				<std>#fff</std>
				<frontend>
					<f1>
						<attribute>background-color</attribute>
						<selector>
							html .list_add_to_cart a.button:hover, html button.single_add_to_cart_button:hover, html a.single_add_to_cart_button:hover,
							.yith-wcwl-wishlistexistsbrowse a:hover, .yith-wcwl-wishlistaddedbrowse a:hover, .add_to_wishlist:hover,
							.yith-wcwl-wishlistaddedbrowse.show a, .yith-wcwl-wishlistexistsbrowse.show a,
							.wd_compare:hover,.wd_compare.added, html .wd_quickshop_handler:hover
						</selector>
					</f1>					
					
				</frontend>
			</item>			
			<item>
				<name>Button Orther Color Hover</name>
				<slug>button_orther_text_hover</slug>
				<std>#ed764f</std>
				<frontend>
					<f1>
						<attribute>color</attribute>
						<selector>
							html .list_add_to_cart a.button:hover, html button.single_add_to_cart_button:hover, html a.single_add_to_cart_button:hover,						
							
							.yith-wcwl-wishlistexistsbrowse a:hover, .yith-wcwl-wishlistaddedbrowse a:hover, .add_to_wishlist:hover,
							.yith-wcwl-wishlistaddedbrowse.show a, .yith-wcwl-wishlistexistsbrowse.show a,
							.wd_compare:hover,.wd_compare.added, html .wd_quickshop_handler:hover
						</selector>
					</f1>
				</frontend>
			</item>	
			<item>
				<name>Button Orther Border Hover</name>
				<slug>button_orther_border_hover</slug>
				<std>#ececec</std>
				<frontend>
					<f1>
						<attribute>border-color</attribute>
						<selector>
							html .list_add_to_cart a.button:hover, html button.single_add_to_cart_button:hover, html a.single_add_to_cart_button:hover,
							.yith-wcwl-wishlistexistsbrowse a:hover, .yith-wcwl-wishlistaddedbrowse a:hover, .add_to_wishlist:hover,
							.yith-wcwl-wishlistaddedbrowse.show a, .yith-wcwl-wishlistexistsbrowse.show a,
							.wd_compare:hover,.wd_compare.added, html .wd_quickshop_handler:hover
						</selector>
					</f1>
				</frontend>
			</item>
			<item>
				<name>Button Orther icon cart</name>
				<slug>button_orther_icon</slug>
				<std>#ed764f</std>
				<frontend>
					<f1>
						<attribute>color</attribute>
						<selector>
							html .list_add_to_cart a.button:before, html button.single_add_to_cart_button:before, html a.single_add_to_cart_button:before
						</selector>
					</f1>
				</frontend>
			</item>
			<item>
				<name>Button Orther icon cart hover</name>
				<slug>button_orther_icon_hover</slug>
				<std>#ed764f</std>
				<frontend>
					<f1>
						<attribute>color</attribute>
						<selector>
							html .list_add_to_cart a.button:hover:before, html button.single_add_to_cart_button:hover:before, html a.single_add_to_cart_button:hover:before
						</selector>
					</f1>
				</frontend>
			</item>	
			
			<item>
				<name>Button Orther icon cart gird</name>
				<slug>button_orther_icon_1</slug>
				<std>#dadada</std>
				<frontend>
					<f1>
						<attribute>color</attribute>
						<selector>
							html .wd_button_list_box .list_add_to_cart a,
							.wd_button_list_box  .yith-wcwl-add-to-wishlist,
							.wd_button_list_box .yith-wcwl-wishlistexistsbrowse,
							.wd_button_list_box .yith-wcwl-wishlistexistsbrowse a,
							.wd_button_list_box .yith-wcwl-wishlistaddedbrowse,
							.wd_button_list_box .yith-wcwl-wishlistaddedbrowse a,
							.wd_button_list_box  .add_to_wishlist,
							
							.wd_button_list_box &gt; a
						</selector>
					</f1>
				</frontend>
			</item>
			<item>
				<name>Button Orther icon cart gird hover</name>
				<slug>button_orther_icon_hover_1</slug>
				<std>#ed764f</std>
				<frontend>
					<f1>
						<attribute>color</attribute>
						<selector>html .wd_button_list_box .list_add_to_cart a.button:hover:before,
							html .wd_button_list_box .list_add_to_cart a.button:hover, html .wd_button_list_box .yith-wcwl-wishlistexistsbrowse a:hover, html .wd_button_list_box .yith-wcwl-wishlistaddedbrowse a:hover, html .wd_button_list_box .add_to_wishlist:hover, 
							html .wd_button_list_box .yith-wcwl-wishlistaddedbrowse.show a, html .wd_button_list_box .yith-wcwl-wishlistexistsbrowse.show a,
							html .wd_button_list_box .wd_compare:hover, html .wd_button_list_box .wd_compare.added, html .wd_button_list_box .wd_quickshop_handler:hover
							
						</selector>
					</f1>
				</frontend>
			</item>
			
		</items>
	</button2>
	<button3>
		<text>Button Secondary Color</text>
		<items>
			
			<item>
				<name>Button Secondary Border </name>
				<slug>button_secondary</slug>
				<std>#fff</std>
				<frontend>
					<f1>
						<attribute>border-color</attribute>
						<selector>html button.button-white,
								html  input.button-white,
								html  a.button-white,
								html .woocommerce button.button-white,
								html  .woocommerce input.button-white,
								html  .woocommerce a.button-white,
								html .woocommerce-page button.button-white,
								html  .woocommerce-page input.button-white,
								html  .woocommerce-page a.button-white,
								
								.wd-right-control-panel .shopping-cart .dropdown_footer p a.button:hover,
								.wd-right-control-panel input#searchsubmit:hover</selector>
					</f1>
					<f2>
						<attribute>color</attribute>
						<selector>html button.button-white,
								html  input.button-white,
								html  a.button-white,
								html .woocommerce button.button-white,
								html  .woocommerce input.button-white,
								html  .woocommerce a.button-white,
								html .woocommerce-page button.button-white,
								html  .woocommerce-page input.button-white,
								html  .woocommerce-page a.button-white,
								
								.wd-right-control-panel .shopping-cart .dropdown_footer p a.button:hover,
								.wd-right-control-panel input#searchsubmit:hover</selector>
					</f2>
				</frontend>
			</item>					
			<item>
				<name>Button Secondary  Border Hover</name>
				<slug>button_secondary_hover</slug>
				<std>#fff</std>
				<frontend>
					
					<f1>
						<attribute>color</attribute>
						<selector>html  button.button-white:hover,
								html  input.button-white:hover,
								html  a.button-white:hover,
								html  .woocommerce button.button-white:hover,
								html  .woocommerce input.button-white:hover,
								html  .woocommerce a.button-white:hover,
								html  .woocommerce-page button.button-white:hover,
								html  .woocommerce-page input.button-white:hover,
								html  .woocommerce-page a.button-white:hover,
						
						.wd-right-control-panel .shopping-cart .dropdown_footer p a.button,
						.wd-right-control-panel input#searchsubmit</selector>
					</f1>
				</frontend>
			</item>	
			<item>
				<name>Button Secondary Background Hover</name>
				<slug>button_secondary_bg_hover</slug>
				<std>#ed764f</std>
				<frontend>
					<f1>
						<attribute>background-color</attribute>
						<selector>html  button.button-white:hover,
								html  input.button-white:hover,
								html  a.button-white:hover,
								html  .woocommerce button.button-white:hover,
								html  .woocommerce input.button-white:hover,
								html  .woocommerce a.button-white:hover,
								html  .woocommerce-page button.button-white:hover,
								html  .woocommerce-page input.button-white:hover,
								html  .woocommerce-page a.button-white:hover,
						
						.wd-right-control-panel .shopping-cart .dropdown_footer p a.button,
						.wd-right-control-panel input#searchsubmit</selector>
					</f1>
					<f2>
						<attribute>color</attribute>
						<selector>html button.button.button-whitebutton-style2:hover,
								html  input.button.button-style2:hover,
								html  a.button.button-style2:hover,
								html .woocommerce button.button.button-style2:hover,
								html  .woocommerce input.button.button-style2:hover,
								html  .woocommerce a.button.button-style2:hover,
								html .woocommerce-page button.button.button-style2:hover,
								html  .woocommerce-page input.button.button-style2:hover,
								html  .woocommerce-page a.button.button-style2:hover</selector>
					</f2>					
				</frontend>
			</item>			
		</items>
	</button3>
	<product>
		<text>Product Color</text>
		<items>
			<item>
				<name>Name color</name>
				<slug>p_name</slug>
				<std>#3c3b48</std>
				<frontend>
					<f1>
						<attribute>color</attribute>
						<selector>h1 a, h2 a, h3 a, h4 a, h5 a, h6 a</selector>
					</f1>
				</frontend>
			</item>
			<item>
				<name>Name color hover</name>
				<slug>p_name_hover</slug>
				<std>#ed764f</std>
				<frontend>
					<f1>
						<attribute>color</attribute>
						<selector>h1 a:hover, h2 a:hover, h3 a:hover, h4 a:hover, h5 a:hover, h6 a:hover</selector>
					</f1>
				</frontend>
			</item>
			<item>
				<name>Price Color</name>
				<slug>p_price</slug>
				<std>#303030</std>
				<frontend>
					<f1>
						<attribute>color</attribute>
						<selector>.price, .woocommerce #content div.product p.price, .woocommerce #content div.product span.price, .woocommerce div.product p.price, .woocommerce div.product span.price, .woocommerce-page #content div.product p.price, .woocommerce-page #content div.product span.price, .woocommerce-page div.product p.price, .woocommerce-page div.product span.price</selector>
					</f1>
				</frontend>
			</item>
			<item>
				<name>Rating Color</name>
				<slug>p_rating</slug>
				<std>#ed764f</std>
				<frontend>
					<f1>
						<attribute>color</attribute>
						<selector>html .woocommerce .star-rating span</selector>
					</f1>
				</frontend>
			</item>	
			<item>
				<name>Label Sale Background</name>
				<slug>s_label</slug>
				<std>#003782</std>
				<frontend>
					<f1>
						<attribute>border-left-color</attribute>
						<selector>span.onsale:before, .woocommerce span.onsale:before, .woocommerce-page span.onsale:before</selector>
					</f1>
				</frontend>
			</item>			
		</items>
	</product>
</items_setting>
